driver_id,total_fare,avg_distance
7,190.8,16.2
15,96.8,8.85
11,90.47,29.6
42,143.01,36.87
73,44.23,49.63
34,20.14,35.23
8,177.42000000000002,21.935000000000002
85,32.57,30.22
47,25.66,7.43
18,54.69,31.27
75,42.82,27.64
26,67.63,44.88
78,57.78,26.29
89,27.11,42.86
23,18.14,6.14
95,86.78,34.62
92,108.74,9.71
33,84.26,1.81
48,58.94,42.61
24,118.44,23.46
88,121.9,17.98
83,129.18,38.46
13,127.02,19.27
66,121.49,20.69
94,139.56,35.73
80,36.17,34.3
